[{"model": "formulas.category", "pk": 1, "fields": {"name": "Mechanics", "explain": "Mechanics deals with the motion of objects and forces acting on them. It includes concepts like displacement, velocity, acceleration, force, power, work, momentum and laws of motion."}}, {"model": "formulas.category", "pk": 2, "fields": {"name": "Kinematics", "explain": "Kinematics is branch of mechanics that describes motion without considering the cause of motion. It focuses on position, velocity, acceleration,etc."}}, {"model": "formulas.category", "pk": 3, "fields": {"name": "Dynamics", "explain": "Dynamics studies motion along with the force causing it. It is based on Newton's Laws of Motion."}}, {"model": "formulas.category", "pk": 4, "fields": {"name": "Work, Energy and Power", "explain": "This branch deals with how energy is transferred by forces and motion. It includes kinetic energy, potential energy, work done and power."}}, {"model": "formulas.category", "pk": 5, "fields": {"name": "Gravitation", "explain": "Gravitation deals with force of attraction between masses and planetary motion."}}, {"model": "formulas.category", "pk": 6, "fields": {"name": "Thermodynamics", "explain": "Thermodynamics deals with heat, temperature, energy transfer and laws governing thermal systems."}}, {"model": "formulas.category", "pk": 7, "fields": {"name": "Electrostatics", "explain": "Electrostatics studies electric charges at rest and forces between them."}}, {"model": "formulas.category", "pk": 8, "fields": {"name": "Current Electricity", "explain": "This branch focuses on flow of electric charges through conductors."}}, {"model": "formulas.category", "pk": 9, "fields": {"name": "Magnetism", "explain": "Magnetism studies magnetic fields, force on moving charges and magnetic materials."}}, {"model": "formulas.category", "pk": 10, "fields": {"name": "Optics", "explain": "Optics deals with behavior of light, including reflection, refraction and image formation."}}, {"model": "formulas.category", "pk": 11, "fields": {"name": "Modern Physics", "explain": "Modern physics includes atomic structures, nuclear physics, photoelectric effect and relativity."}}, {"model": "formulas.category", "pk": 12, "fields": {"name": "Oscillations", "explain": "Oscillation is a type of periodic motion in which body moves to and fro about a fixed mean position under action of restoring force."}}, {"model": "formulas.category", "pk": 13, "fields": {"name": "Electromagnetism", "explain": "Electromagnetism is the fundamental physics describing the interaction between electric charges and magnetic fields."}}, {"model": "formulas.category", "pk": 14, "fields": {"name": "Quantum Physics", "explain": "Quantum Physics is the fundamental physical theory that describes the behavior of matter and of light; its unusual characteristics typically occur at and below the scale of atoms"}}, {"model": "formulas.category", "pk": 15, "fields": {"name": "Fluid Mechanics", "explain": "Fluid mechanics is the branch of physics focused on how fluids respond to forces. It studies both liquids and gases, whether at rest (hydrostatics) or in motion (fluid dynamics)."}}, {"model": "formulas.category", "pk": 16, "fields": {"name": "Waves", "explain": ""}}, {"model": "formulas.formula", "pk": 5, "fields": {"title": "Potential Energy", "form": "PE=mgh", "chapter": "Work, Energy and Power", "description": "Energy stored in a body due to its position above ground", "given_by": "Johann Bernoulli", "question": "Find the potential energy of a body of mass 3kg placed at a height of 10m", "answer": "294J", "solve": "A ball of mass 2kg is lifted to a height of 5m above ground. Calculate its potential energy (g=9.8)", "correct_answer": "98", "explanation": "posts/potential_energy.jfif", "form_info": "m=Mass, g=Acceleration due to gravity, h=Height", "category": 4, "is_saved": true, "user": null}}, {"model": "formulas.formula", "pk": 6, "fields": {"title": "Ohm's Law", "form": "V=IR", "chapter": "Current Electricity", "description": "Voltage(v) across conductor is directly proportional to the curent flowing through it", "given_by": "Georg Simon Ohm", "question": "Find the voltage across resistor of 5ohm when current is 2A", "answer": "10V", "solve": "A resistor is connected to a battery of 12V. The current flowing through is 3A. Find the resistance.", "correct_answer": "4", "explanation": "posts/ohm.jfif", "form_info": "V=Voltage, I=Electric Current, R=Resistance", "category": 8, "is_saved": true, "user": null}}, {"model": "formulas.formula", "pk": 7, "fields": {"title": "Momentum", "form": "p=mv", "chapter": "Laws of Motion", "description": "It is the quantity of motion possessed by a body.A heavier or faster object has greater momentum", "given_by": "Sir Isaac Newton", "question": "Find the momentum of a body of mass 5kg moving with velocity 4m/s.", "answer": "20kg*m/s", "solve": "The Momentum achieved by a car of mass 400kg is 80kg*m/s. Calculate the speed at which the car is travelling.", "correct_answer": "0.2", "explanation": "posts/momemtum.jfif", "form_info": "m=Mass, v=Velocity", "category": 3, "is_saved": true, "user": null}}, {"model": "formulas.formula", "pk": 8, "fields": {"title": "Newton's First Law of Motion", "form": "\\sum F = 0 \\Rightarrow v = \\text{constant}", "chapter": "Laws of Motion", "description": "If the net external force acting on a body at rest is zero, the body will remain at rest.", "given_by": "Sir Isaac Newton", "question": "A body of mass 2kg is moving with constant velocity of 5m/s on smooth horizontal surface. If the net external force acting on body is zero, find its velocity after 5s.", "answer": "5m/s", "solve": "True of False: A body remains at rest unless and until external force acts on it.", "correct_answer": "True", "explanation": "posts/sing_8g6kY2q.avif", "form_info": "f=Force", "category": 3, "is_saved": true, "user": null}}, {"model": "formulas.formula", "pk": 10, "fields": {"title": "Gravitational Force", "form": "F= \\frac{Gm_1m_2}{r^2}", "chapter": "Gravitation", "description": "Force of attraction between two masses.", "given_by": "Sir Isaac Newton", "question": "On what does Gravitational Force depends.", "answer": "Mass and Distance", "solve": "Relation between F(force) and r(distance) is?", "correct_answer": "Inversely Proportional", "explanation": "posts/sing.avif", "form_info": "F=Force, G=Gravitational Constant, m=Mass, r=Distance between two masses.", "category": 5, "is_saved": true, "user": null}}, {"model": "formulas.formula", "pk": 11, "fields": {"title": "Escape Velocity", "form": "v= \\sqrt{2gR}", "chapter": "Gravitation", "description": "Minimum Velocity(v) to escape Earth's gravity(gR)", "given_by": "Sir Isaac Newton", "question": "What is the escape velocity of earth.", "answer": "11.2 km/s", "solve": "Using Earth radius(R)=6400 km and g=9.8m/s^2. Calculate the escape velocity", "correct_answer": "11.2", "explanation": "posts/escape_velocity.jfif", "form_info": "v=Escape Velocity, g=Acceleration due to gravity, R=Earth's radius.", "category": 5, "is_saved": true, "user": null}}, {"model": "formulas.formula", "pk": 12, "fields": {"title": "Coulomb's Law", "form": "F= \\frac{kq_1q_2}{r^2}", "chapter": "Electrostatics", "description": "Force between two electric charges.", "given_by": "Charles Coulomb", "question": "Force between two electric charges depends on.", "answer": "Charges and distance between them.", "solve": "Let, the force between two protons of 5C and 2C be 20N. Find the distance between them , given: k=8.98*10^9 N*m^2/C^2.(take the initial value upto 1 decimal only)", "correct_answer": "6.7*10^4", "explanation": "posts/coloumb.jfif", "form_info": "F=Force, q=Electric Charge, r=Distance between two charges., k=Coulomb's Constant(8.98*10^9)", "category": 7, "is_saved": true, "user": 35}}, {"model": "formulas.formula", "pk": 13, "fields": {"title": "Electric Charge", "form": "Q=It", "chapter": "Electricity", "description": "Charge flowing through a Conductor.", "given_by": "Michael Faraday", "question": "Find the charge if I=2A for 5s.", "answer": "10C", "solve": "Find the current for a conductor possessing charge of 20C for 50s.", "correct_answer": "0.4", "explanation": "posts/charge.jfif", "form_info": "Q=Electric Charge, I=Electric Current, t=Time", "category": 7, "is_saved": false, "user": null}}, {"model": "formulas.formula", "pk": 14, "fields": {"title": "Electric Power", "form": "P=VI", "chapter": "Electricity", "description": "Rate of electrical energy consumption.", "given_by": "James Watt", "question": "Find the power for V=10V and I=3A", "answer": "30W", "solve": "The electrical energy consumed by a charged particle is 120W. Given that the electric current is 10A, find the Voltage provided.", "correct_answer": "12", "explanation": "posts/power.jfif", "form_info": "P=Electric Power, V=Voltage, I=Electric Current", "category": 4, "is_saved": false, "user": null}}, {"model": "formulas.formula", "pk": 16, "fields": {"title": "Time Period of Simple Pendulum", "form": "T= 2\\pi\\sqrt{\\frac{l}{g}}", "chapter": "Oscillations", "description": "Time Period depends only on length and gravity for small oscillations.", "given_by": "Galileo Galilei", "question": "Find Time Period for length 1m.", "answer": "2s", "solve": "Find the length of a simple pendulum oscillating at 4s.(upto 2 decimals only)", "correct_answer": "3.97", "explanation": "posts/time_period.jfif", "form_info": "T=Time Period, π=pi(value=3.14), l=Length, g=Acceleration due to gravity(value=9.8)", "category": 12, "is_saved": true, "user": null}}, {"model": "formulas.formula", "pk": 19, "fields": {"title": "Heisenberg Uncertainity Principle", "form": "\\Delta x \\cdot \\Delta p \\geq \\frac{h}{4\\pi}", "chapter": "Quantum Mechanics", "description": "The principle states that the exact positon and momentum of any moving particle cannot be known simultaneously.", "given_by": "Werner Heisenberg", "question": "Find minimum uncertainty in position of a particle.", "answer": "h /4Π*Δp", "solve": "A proton with a mass of 1.67 x 10-27 kg  has an uncertainty in its velocity of 1.77 x 10^5 m/s.  Its uncertainty in position is B*10^-13 m. Given, h=6.63*10^-34, Π=3.14. Find B?(upto 2 decimals only)", "correct_answer": "1.78", "explanation": "posts/uncertainity_explained_e53PBvu.jfif", "form_info": "Δx= uncertainity in position, Δp= uncertainity in momentum, h=planck's constant.", "category": 14, "is_saved": true, "user": null}}, {"model": "formulas.formula", "pk": 20, "fields": {"title": "Stefan-Boltzmann Law", "form": "E= \\sigma T^4", "chapter": "Thermal Physics", "description": "Radiated Energy(E) is proportional to the fourth power of Temperature(T).", "given_by": "Joseph Stefan & Ludwig Boltzmann", "question": "Find energy radiated at T=100K. Given, σ=5.67 × 10-8 W/m2 k4.", "answer": "5.67 J", "solve": "The energy radiated from a particle is 8J. Find the Temperature, if σ=5.67 × 10-8 W/m2 k4.", "correct_answer": "108", "explanation": "posts/boltzmann_law.jfif", "form_info": "E=Radiated Energy, σ=Boltzmann constant, T=Temperature.", "category": 6, "is_saved": true, "user": null}}, {"model": "formulas.formula", "pk": 21, "fields": {"title": "Power", "form": "P= \\frac{W}{t}", "chapter": "Work, Energy and Power", "description": "Power(P) describes Rate of doing work(W) in a given time(t).", "given_by": "James Watt", "question": "Find power if work done is 100J in 4s.", "answer": "25W", "solve": "The power given is 35W. Find the time in minutes if work done is 270J.(upto 3 decimals only)", "correct_answer": "0.128", "explanation": "posts/power_taken.jfif", "form_info": "P=Power, W=Work, t=Time.", "category": 1, "is_saved": false, "user": null}}, {"model": "formulas.formula", "pk": 22, "fields": {"title": "Pressure", "form": "P=\\frac{F}{A}", "chapter": "Mechanical properties of Fluids.", "description": "Pressure(P) is defined as Force(F) applied per area(A).", "given_by": "Blaise Pascal", "question": "Find the pressure when F=67N, A=3m^2", "answer": "22.34 Pa  (Pa=N/m^2)", "solve": "The pressure acting on 2.5m^2 area of body is 24 Pa. Calculate the force applied.", "correct_answer": "60", "explanation": "posts/pressure.jfif", "form_info": "P=Pressure, F=Force, A=Area", "category": 15, "is_saved": false, "user": null}}, {"model": "formulas.formula", "pk": 24, "fields": {"title": "Ideal Gas Equation", "form": "PV=nRT", "chapter": "Thermodynamics", "description": "Relation between pressure(P), volume(V) and temperature(T) of the gas.", "given_by": "Emile Clapeyron", "question": "Find the pressure when n=1 mol, T= 300K, V= 0.025 m^3, R=8.314 J/(K·mol)).", "answer": "99840 Pa", "solve": "Find the mole(n) of a gas. Given, P= 4456 Pa, V= 3 m^3, T= 305K, R=8.314 J/(K·mol)). (only one integer value no decimal include)", "correct_answer": "5", "explanation": "posts/ideal_gas.jfif", "form_info": "P=Pressure, V=Volume, n=mole, R=gas constant(8.314 J/(K·mol))), T=Temperature.", "category": 6, "is_saved": true, "user": null}}, {"model": "formulas.formula", "pk": 25, "fields": {"title": "Impulse", "form": "J=FΔt", "chapter": "Laws of Motion", "description": "Change in Momentum due to Force(F) applied.", "given_by": "Sir Isaac Newton", "question": "Given the Force of 20N, the change in time is 5s. Calculate the resultant Impulse(J).", "answer": "100 Ns", "solve": "The Change in Momentum due to 25N of Force is 60 Ns. Calculate the change in time?", "correct_answer": "2.4", "explanation": "posts/WhatsApp_Image_2026-06-15_at_5.43.42_PM.jpeg", "form_info": "J=Impulse, F=Force ,  Δt=Change in time.", "category": 1, "is_saved": false, "user": null}}, {"model": "formulas.formula", "pk": 26, "fields": {"title": "Snell's Law", "form": "n_1  \\\\sin\\\\θ_1 = n_2  \\\\sin\\\\θ_2", "chapter": "Refraction", "description": "Describes how light bends when passing from one medium into another.", "given_by": "Willebrord Snellius", "question": "Light passes from air (n=1) to glass (n=1.5) at 60°. Find the refraction angle.", "answer": "19.47°", "solve": "Light enters a medium from air (n=1) and incidents at 40° and refracts at 25°. Calculate the refractive index (n2) of that medium? (upto 2 decimal only).", "correct_answer": "1.52", "explanation": "posts/WhatsApp_Image_2026-06-20_at_12.53.22_PM.jpeg", "form_info": "n1=Refractive index of medium 1,  θ1= Angle of incidence,  n2= Refractive index of medium 2,  θ2= Angle of refraction.", "category": 10, "is_saved": false, "user": 35}}, {"model": "formulas.formula", "pk": 27, "fields": {"title": "Lens Formula", "form": "\\frac{1}{f} = \\frac{1}{v} + \\frac{1}{u}", "chapter": "Light", "description": "Relates the focal length(f) of the mirror to object(u) and image distance(v).", "given_by": "Rene Descartes", "question": "Object is 30cm from a concave mirror of focal length 10cm. Find the image distance?", "answer": "15cm", "solve": "The image distance formed after keeping an object at 25cm is 10cm. Calculate the focal length of that object.", "correct_answer": "0.14", "explanation": "posts/WhatsApp_Image_2026-06-20_at_1.25.16_PM.jpeg", "form_info": "f= Focal length, v= Image distance, u= Object distance.", "category": 10, "is_saved": false, "user": null}}, {"model": "formulas.formula", "pk": 28, "fields": {"title": "Electric Potential Energy", "form": "U = \\frac{kq_1q_2}{r}", "chapter": "Electrostatics", "description": "Potential energy(U) stored in a system of two point charges(q1 & q2).", "given_by": "Charles-Augustin de Coulomb", "question": "Two charges 1μC and 2μC are seperated by 0.1m. Calculate the potential energy?", "answer": "0.18", "solve": "Calculate the charge on a point with distance of 0.8m from a 4μC charge. Given U= 0.5J and k=8.99 × 10⁹ N·m²/C².(take the initial value upto 3 decimals).", "correct_answer": "0.011 × 10^-3", "explanation": "posts/WhatsApp_Image_2026-06-20_at_1.43.24_PM.jpeg", "form_info": "U= Potential energy, k=Coloumb's constant, q1 &q2= Electric charges.", "category": 7, "is_saved": false, "user": null}}, {"model": "formulas.formula", "pk": 29, "fields": {"title": "Capacitance", "form": "C = \\frac{Q}{V}", "chapter": "Electrostatics", "description": "Capacitance(C) is the ability of a body to store the electric charge(Q).", "given_by": "Alessandro Volta", "question": "A capacitor stores 6μC at 3V. Find it's Capacitance?", "answer": "2μF", "solve": "A charged body has 5μF of capacitance at 2V. It's electric charge is A × 10^-6, find A??", "correct_answer": "10", "explanation": "posts/WhatsApp_Image_2026-06-20_at_2.20.47_PM.jpeg", "form_info": "C = Capacitance, Q = Electric charge, V = Voltage", "category": 7, "is_saved": false, "user": null}}, {"model": "formulas.formula", "pk": 30, "fields": {"title": "Magnetic force on a charge", "form": "F = qvB\\\\sin\\\\θ", "chapter": "Magnetism", "description": "Force(F) on a charged particle(q) moving in a magnetic field(B).", "given_by": "Hendrik Lorentz", "question": "A 2C charge moves at 3m/s in a 4T field at 90°. Find the force on the charge?", "answer": "24N", "solve": "The force on a 2.6m/s moving particle with 4C of charge is 17N. The Magnetic field produced was 6T, find the angle at which the particle interacted?  (take sinθ value upto 2 decimal only)", "correct_answer": "15.66", "explanation": "posts/WhatsApp_Image_2026-06-20_at_2.40.39_PM.jpeg", "form_info": "F = Force, q = Electric charge, v = Velocity of particle, B = Magnetic field, θ = Angle of motion.", "category": 13, "is_saved": false, "user": null}}, {"model": "formulas.formula", "pk": 32, "fields": {"title": "Torque", "form": "\\tau = rF\\\\sin\\\\θ", "chapter": "Rotational Motion", "description": "Torque is the tendency to rotate an object.", "given_by": "Archimedes", "question": "A force of 20N acts at 0.5m at 90°. Find the torque?", "answer": "10 Nm", "solve": "The torque on an wheel is 25 Nm, while the force applied on that wheel at 60° is 17 N. Calculate the distance? (take upto 2 decimal only)", "correct_answer": "1.69", "explanation": "posts/WhatsApp_Image_2026-06-20_at_3.10.28_PM.jpeg", "form_info": "𝜏 = Torque, r = Distance, F = Force, θ = Angle of force", "category": 1, "is_saved": false, "user": null}}, {"model": "formulas.formula", "pk": 33, "fields": {"title": "Angular Momentum", "form": "L = I\\omega = mvr", "chapter": "Rotational Motion", "description": "Angular Momentum(L) is rotational equivalent of Linear Momentum.", "given_by": "Sir Isaac Newton", "question": "A 2kg object moves in circle of radius 3m at 4m/s. Find its angular momentum?", "answer": "24 Kgm^2/s^2", "solve": "The angular momentum of a circus wheel is 15 Kg m^2/s^2, the wheel is  20 kg with radius of 30 m. Calculate its speed?", "correct_answer": "0.25", "explanation": "posts/WhatsApp_Image_2026-06-20_at_3.24.22_PM.jpeg", "form_info": "L = Angular Momentum, m = Mass, v = Velocity, r = Radius", "category": 1, "is_saved": false, "user": null}}, {"model": "formulas.formula", "pk": 35, "fields": {"title": "Carnot Efficiency", "form": "\\eta = 1 - \\frac{T_C}{T_H}", "chapter": "Thermodynamics", "description": "Maximum possible efficiency of a heat engine operating at two different temperatures.", "given_by": "Sadi Carnot", "question": "A Carnot engine operates between 300K and 500K. Find the carnot efficiency?", "answer": "0.4", "solve": "The efficiency of an engine is 0.8. Find  the cold reservoir temperature if the hot reservoir temperature is 320K?", "correct_answer": "64", "explanation": "posts/WhatsApp_Image_2026-06-20_at_3.45.45_PM.jpeg", "form_info": "η = Carnot efficiency, Tc = Temperature of cold reservoir, Th = Temperature of hot reservoir", "category": 6, "is_saved": false, "user": null}}, {"model": "formulas.formula", "pk": 36, "fields": {"title": "Relative Velocity", "form": "\\vec{v}_{AB} = \\vec{v}_A - \\vec{v}_B", "chapter": "Laws of Motion", "description": "The Velocity of Object A as observed from Object B.", "given_by": "Albert Einstein", "question": "Car A moves at 60 km/h, Car B moves at 40 km/h in the same direction. Calculate the relative speed?", "answer": "20 km/h", "solve": "The relative velocity between two trains is 35 km/h. Train A moves at 50 km/h, find the velocity of Train B?", "correct_answer": "85", "explanation": "posts/WhatsApp_Image_2026-06-21_at_11.15.11_AM.jpeg", "form_info": "v_AB= Relative velocity, v_A = Velocity of object A, v_B = Velocity of object B", "category": 3, "is_saved": false, "user": null}}, {"model": "formulas.formula", "pk": 38, "fields": {"title": "Maximum Height(Projectile)", "form": "H = \\frac{u^2 \\sin^2\\theta}{2g}", "chapter": "Laws of Motion", "description": "Maximum Vertical Height(H) reached by a projectile.", "given_by": "Galileo Galilei", "question": "A ball is projected at 20 m/s at 45°. Find it's max height?", "answer": "10.2 m", "solve": "A projectile is launched with velocity 20 m/s and reaches  a maximum height of 5 m. Find the angle of projection? (take g=10 m/s^2)", "correct_answer": "30", "explanation": "posts/WhatsApp_Image_2026-06-21_at_11.58.23_AM.jpeg", "form_info": "H = Maximum height, u = Initial velocity, θ = Angle of projection, g = Acceleration due to gravity", "category": 3, "is_saved": false, "user": null}}, {"model": "formulas.formula", "pk": 39, "fields": {"title": "Friction Force", "form": "f = -μN (N=mg)", "chapter": "Laws of Motion", "description": "Friction force(f) resists/opposes the motion of object(N) in opposite direction. The negative sign just displays that N and f are opposite to each other. No need to use negative sign in answer.", "given_by": "Sir Isaac Newton", "question": "A 5 kg of block on a surface with μ=0.3. Find the friction force. (g=10 m/s^2)", "answer": "15 N", "solve": "Given the coefficient of friction = 0.2 and the force to be 12 N. Find the mass of that object? (g = 10 m/s^2)", "correct_answer": "6", "explanation": "posts/WhatsApp_Image_2026-06-21_at_12.07.58_PM.jpeg", "form_info": "f = Friction force, μ = Coefficient of friction, N = Normal Force.", "category": 3, "is_saved": false, "user": null}}, {"model": "formulas.formula", "pk": 40, "fields": {"title": "Elastic Potential Energy", "form": "PE = \\frac{1}{2} k x^2", "chapter": "Work, Energy and Power", "description": "Energy stored in a compressed or stretched spring.", "given_by": "Robert Hooke", "question": "A spring (k= 200 N/m) is stretched by 0.1 m. Find it's Potential energy?", "answer": "1 J", "solve": "The elastic potential energy stored in an spring is 2.5 J. Given (k=200 N/m), find the compression in string?", "correct_answer": "1/2√10", "explanation": "posts/WhatsApp_Image_2026-06-21_at_12.25.54_PM.jpeg", "form_info": "PE= Elastic Potential Energy, k = Spring constant, x = compression/extension", "category": 4, "is_saved": false, "user": null}}, {"model": "formulas.formula", "pk": 42, "fields": {"title": "Time Period of a Satellite", "form": "T = 2\\pi\\sqrt{\\frac{r^3}{GM}}", "chapter": "Gravitation", "description": "Time (T) taken by a Satellite to complete one full orbit.", "given_by": "Unknown", "question": "Finf T for a satellite at r=6400 Km, around earth. Given G=6.674 × 10⁻¹¹ m³⋅kg⁻¹⋅s⁻², M = 5.972 × 10²⁴ kg.", "answer": "50966 s (~50 min)", "solve": null, "correct_answer": null, "explanation": "", "form_info": "T= Time taken, r = orbital radius, G  = Gravitational Constant, M = Mass", "category": 5, "is_saved": false, "user": null}}, {"model": "formulas.formula", "pk": 43, "fields": {"title": "Work done by Gas (Isobaric)", "form": "W = P\\Delta V", "chapter": "Thermodynamics", "description": "Work done(W) by the gas when Pressure(P) remains constant.", "given_by": "Unknown", "question": "Gas expands at P = 2 × 10^5 Pa,  ΔV = 0.5 m^3. Find the Work done?", "answer": "1 × 10^11 J", "solve": null, "correct_answer": null, "explanation": "", "form_info": "W = Work done, P = Pressure,  ΔV = Change in Volume.", "category": 6, "is_saved": false, "user": null}}, {"model": "formulas.formula", "pk": 44, "fields": {"title": "Kirchoff's Voltage Law", "form": "\\sum V = 0 (loop)", "chapter": "Current Electricity", "description": "Sum of all voltages in a closed loop is always zero.", "given_by": "Unknown", "question": "In a loop: battery 12V, R1 = 4 Ω  , R2 = 2 Ω. Find the current?", "answer": "2 A", "solve": null, "correct_answer": null, "explanation": "", "form_info": "V = Voltage", "category": 8, "is_saved": false, "user": null}}, {"model": "formulas.formula", "pk": 45, "fields": {"title": "Kirchoff's Curent Law", "form": "\\sum I_{in} = \\sum I_{out}", "chapter": "Current Electricity", "description": "Total Current entering a junction equals total current leaving it.", "given_by": "Unknown", "question": "3A and 4A currents enter a junction. If 1A leaves from one branch, find the current leaving from other branch?", "answer": "6A", "solve": null, "correct_answer": null, "explanation": "", "form_info": "I_in = Curent entering, I_out = Current leaving", "category": 8, "is_saved": false, "user": null}}, {"model": "formulas.formula", "pk": 46, "fields": {"title": "Wheatstone Bridge", "form": "\\frac{P}{Q} = \\frac{R}{S}", "chapter": "Current Electricity", "description": "Condition for a balanced Wheatstone  bridge (no current through galvanometer)", "given_by": "Unknown", "question": "P = 10Ω, Q = 20Ω, R = 5Ω. Find S?", "answer": "10Ω", "solve": null, "correct_answer": null, "explanation": "", "form_info": "P,Q,R,S = resistances in bridge circuit", "category": 8, "is_saved": false, "user": null}}, {"model": "formulas.formula", "pk": 47, "fields": {"title": "Power Dissipated", "form": "P = I^2R = \\frac{V^2}{R} = VI", "chapter": "Current Electricity", "description": "Electrical Power converted into heat in a resistor", "given_by": "Unknown", "question": "A 4Ω resistor carries 3A. Find the power dissipated?", "answer": "36W", "solve": null, "correct_answer": null, "explanation": "", "form_info": "P =Power dissipated, I = Current, R = Resistor", "category": 8, "is_saved": false, "user": null}}, {"model": "formulas.formula", "pk": 48, "fields": {"title": "Force on Current-carrying  Conductor", "form": "F = BIL sinθ", "chapter": "Magnetism", "description": "Magnetic force experienced by a current-carrying conductor in magnetic field.", "given_by": "Unknown", "question": "A 0.5 m wire carries 3A in B = 2T field at 90°. Find the force?", "answer": "3N", "solve": null, "correct_answer": null, "explanation": "", "form_info": "F = Force, B = Magnetic Field(T), I = Current, L = Length of wire, θ = Angle", "category": 9, "is_saved": false, "user": null}}, {"model": "formulas.formula", "pk": 49, "fields": {"title": "Magnetic Field of Solenoid", "form": "B = \\mu_0 nI", "chapter": "Magnetism", "description": "Uniform magnetic field inside a long solenoid", "given_by": "Unknown", "question": "A Solenoid has 1000 turns/m carrying 2A. Find B inside. Given μ₀  = 4π x 10⁻⁷ H/m", "answer": "2.51 × 10^-3 T", "solve": null, "correct_answer": null, "explanation": "", "form_info": "B = Magnetic Field, μ₀ = Permeability of free space, n = Turns per minute, I =Current", "category": 9, "is_saved": false, "user": null}}, {"model": "formulas.formula", "pk": 50, "fields": {"title": "Energy stored in Inductor", "form": "U = \\frac{1}{2} L I^2", "chapter": "ElectroMagnetism", "description": "Energy stored in the magnetic field of an inductor", "given_by": "Unknown", "question": "L = 2H, I=3A. Find the Energy stored?", "answer": "9J", "solve": null, "correct_answer": null, "explanation": "", "form_info": "U = Energy stored, L = Inductance (H) , I = Current", "category": 13, "is_saved": false, "user": null}}, {"model": "formulas.formula", "pk": 52, "fields": {"title": "Photoelectric Effect", "form": "KE_{max} = hf - \\phi", "chapter": "Modern Physics", "description": "Maximum kinetic energy of photoelectrons ejected from a metal surface.", "given_by": "Unknown", "question": "Light of f = 8 × 10^11 Hz hits the metal surface of (Φ  = 2 eV). Find the KE, Given h = 6.62607015 × 10⁻³⁴ J.s", "answer": "~1.1 eV", "solve": null, "correct_answer": null, "explanation": "", "form_info": "KE = Kinetic Energy, h = Planck's Constant, f  = Frequency,  Φ = Work function", "category": 11, "is_saved": false, "user": null}}, {"model": "formulas.formula", "pk": 53, "fields": {"title": "Mass-Energy Equivalence", "form": "E = mc^2", "chapter": "Modern Physics", "description": "A small amount of Mass(m) can generate Large amount of Energy(E)", "given_by": "Albert Einstein", "question": "Find energy equivalent to 1 g of matter. Given c = 3 × 10^8 m/s 3", "answer": "9 × 10^13 J", "solve": null, "correct_answer": null, "explanation": "", "form_info": "E =Energy, m =Mass, c = Speed of Light", "category": 11, "is_saved": false, "user": null}}, {"model": "formulas.formula", "pk": 54, "fields": {"title": "Bohr's Energy (nth Orbit)", "form": "E_n = \\frac{-13.6}{n^2 }", "chapter": "Modern Physics", "description": "Energy of an electron in nth orbit of hydrogen atom.", "given_by": "Unknown", "question": "Find the energy of electron in n=2 orbit of hydrogen?", "answer": "~3.4 eV", "solve": null, "correct_answer": null, "explanation": "", "form_info": "E = Energy, n = Principle Quantum number(1,2,3....)", "category": 11, "is_saved": false, "user": null}}, {"model": "formulas.formula", "pk": 55, "fields": {"title": "Radioactive Decay Law", "form": "N = N_0 e^(-\\lambda t)", "chapter": "Modern Physics", "description": "Number of radioactive nuclei remaining  after time t.", "given_by": "Unknown", "question": "N_0 = 1000, λ = 0.1 s^-1. Find N after 10 s?", "answer": "368", "solve": null, "correct_answer": null, "explanation": "", "form_info": "N = Remaining nuclei after time t,  N_0 = Initial nuclei, λ = Decay Constant, t = Time", "category": 11, "is_saved": false, "user": null}}, {"model": "formulas.formula", "pk": 56, "fields": {"title": "Half-Life", "form": "t_{\\frac{1}{2}} = \\frac{0.693}{\\lambda}", "chapter": "Modern Physics", "description": "Time required  for half the radioactive nuclei to decay", "given_by": "Unknown", "question": "A substance has λ = 0.02 s^-1. Find the half-life", "answer": "34.65 s", "solve": null, "correct_answer": null, "explanation": "", "form_info": "λ = Decay constant", "category": 11, "is_saved": false, "user": null}}, {"model": "formulas.profile", "pk": 1, "fields": {"user": 21, "profile_pic": ""}}, {"model": "formulas.profile", "pk": 4, "fields": {"user": 24, "profile_pic": ""}}, {"model": "formulas.profile", "pk": 5, "fields": {"user": 25, "profile_pic": ""}}, {"model": "formulas.profile", "pk": 6, "fields": {"user": 26, "profile_pic": ""}}, {"model": "formulas.profile", "pk": 7, "fields": {"user": 27, "profile_pic": ""}}, {"model": "formulas.profile", "pk": 8, "fields": {"user": 28, "profile_pic": ""}}, {"model": "formulas.profile", "pk": 10, "fields": {"user": 30, "profile_pic": ""}}, {"model": "formulas.profile", "pk": 11, "fields": {"user": 31, "profile_pic": ""}}, {"model": "formulas.profile", "pk": 12, "fields": {"user": 32, "profile_pic": ""}}, {"model": "formulas.profile", "pk": 14, "fields": {"user": 34, "profile_pic": ""}}, {"model": "formulas.profile", "pk": 15, "fields": {"user": 35, "profile_pic": ""}}, {"model": "admin.logentry", "pk": 224, "fields": {"action_time": "2026-06-22T18:28:25.879Z", "user": 25, "content_type": 1, "object_id": "42", "object_repr": "T = 2\\pi\\sqrt{\\frac{r^3}{GM}] (Unknown)", "action_flag": 1, "change_message": "[{\"added\": {}}]"}}, {"model": "admin.logentry", "pk": 225, "fields": {"action_time": "2026-06-22T18:30:07.808Z", "user": 25, "content_type": 1, "object_id": "42", "object_repr": "T = 2\\pi\\sqrt{\\frac{r^3}{GM} (Unknown)", "action_flag": 2, "change_message": "[{\"changed\": {\"fields\": [\"Form\"]}}]"}}, {"model": "admin.logentry", "pk": 226, "fields": {"action_time": "2026-06-22T18:30:49.005Z", "user": 25, "content_type": 1, "object_id": "42", "object_repr": "T = 2\\pi\\sqrt{\\frac{r^3}{GM}} (Unknown)", "action_flag": 2, "change_message": "[{\"changed\": {\"fields\": [\"Form\"]}}]"}}, {"model": "admin.logentry", "pk": 227, "fields": {"action_time": "2026-06-22T18:42:11.639Z", "user": 25, "content_type": 1, "object_id": "43", "object_repr": "W = P\\Delta V (Unknown)", "action_flag": 1, "change_message": "[{\"added\": {}}]"}}, {"model": "admin.logentry", "pk": 228, "fields": {"action_time": "2026-06-23T05:14:38.994Z", "user": 25, "content_type": 1, "object_id": "44", "object_repr": "\\sum V = 0 (around a loop) (Unknown)", "action_flag": 1, "change_message": "[{\"added\": {}}]"}}, {"model": "admin.logentry", "pk": 229, "fields": {"action_time": "2026-06-23T05:16:22.002Z", "user": 25, "content_type": 1, "object_id": "44", "object_repr": "\\sum V = 0 (loop) (Unknown)", "action_flag": 2, "change_message": "[{\"changed\": {\"fields\": [\"Form\", \"Question\"]}}]"}}, {"model": "admin.logentry", "pk": 230, "fields": {"action_time": "2026-06-23T05:20:07.284Z", "user": 25, "content_type": 1, "object_id": "45", "object_repr": "\\sum I_in = \\sum I_out (Unknown)", "action_flag": 1, "change_message": "[{\"added\": {}}]"}}, {"model": "admin.logentry", "pk": 231, "fields": {"action_time": "2026-06-23T05:20:57.939Z", "user": 25, "content_type": 1, "object_id": "45", "object_repr": "\\sum I_i_n = \\sum I_o_u_t (Unknown)", "action_flag": 2, "change_message": "[{\"changed\": {\"fields\": [\"Form\"]}}]"}}, {"model": "admin.logentry", "pk": 232, "fields": {"action_time": "2026-06-23T05:21:31.394Z", "user": 25, "content_type": 1, "object_id": "45", "object_repr": "\\sum I_{in} = \\sum I_{out} (Unknown)", "action_flag": 2, "change_message": "[{\"changed\": {\"fields\": [\"Form\"]}}]"}}, {"model": "admin.logentry", "pk": 233, "fields": {"action_time": "2026-06-23T05:25:07.278Z", "user": 25, "content_type": 1, "object_id": "46", "object_repr": "\\frac{P}{Q} = \\frac{R}{S} (Unknown)", "action_flag": 1, "change_message": "[{\"added\": {}}]"}}, {"model": "admin.logentry", "pk": 234, "fields": {"action_time": "2026-06-23T05:28:55.540Z", "user": 25, "content_type": 1, "object_id": "47", "object_repr": "P = I^2R = \\frac{V^2}{R} = VI (Unknown)", "action_flag": 1, "change_message": "[{\"added\": {}}]"}}, {"model": "admin.logentry", "pk": 235, "fields": {"action_time": "2026-06-23T05:34:26.813Z", "user": 25, "content_type": 1, "object_id": "48", "object_repr": "F = BIL sinθ (Unknown)", "action_flag": 1, "change_message": "[{\"added\": {}}]"}}, {"model": "admin.logentry", "pk": 236, "fields": {"action_time": "2026-06-23T05:45:49.312Z", "user": 25, "content_type": 1, "object_id": "49", "object_repr": "B = \\mu_0 nI (Unknown)", "action_flag": 1, "change_message": "[{\"added\": {}}]"}}, {"model": "admin.logentry", "pk": 237, "fields": {"action_time": "2026-06-23T05:50:43.137Z", "user": 25, "content_type": 1, "object_id": "50", "object_repr": "U = \\frac{1}{2} L I^2 (Unknown)", "action_flag": 1, "change_message": "[{\"added\": {}}]"}}, {"model": "admin.logentry", "pk": 238, "fields": {"action_time": "2026-06-23T05:57:11.712Z", "user": 25, "content_type": 1, "object_id": "51", "object_repr": "\\frac{1}{f} = (n-1)(\\frac{1}{R_{1}} - \\frac{1}{}R_{2}) (Unknown)", "action_flag": 1, "change_message": "[{\"added\": {}}]"}}, {"model": "admin.logentry", "pk": 239, "fields": {"action_time": "2026-06-23T05:58:11.501Z", "user": 25, "content_type": 1, "object_id": "51", "object_repr": "\\frac{1}{f} = (n-1)(\\frac{1}{R_{1}} - \\frac{1}{R_{2}}) (Unknown)", "action_flag": 2, "change_message": "[{\"changed\": {\"fields\": [\"Form\"]}}]"}}, {"model": "admin.logentry", "pk": 240, "fields": {"action_time": "2026-06-23T06:06:51.557Z", "user": 25, "content_type": 1, "object_id": "52", "object_repr": "KE_max = hf - \\phi (Unknown)", "action_flag": 1, "change_message": "[{\"added\": {}}]"}}, {"model": "admin.logentry", "pk": 241, "fields": {"action_time": "2026-06-23T06:07:21.840Z", "user": 25, "content_type": 1, "object_id": "52", "object_repr": "KE_{max} = hf - \\phi (Unknown)", "action_flag": 2, "change_message": "[{\"changed\": {\"fields\": [\"Form\"]}}]"}}, {"model": "admin.logentry", "pk": 242, "fields": {"action_time": "2026-06-23T06:12:52.215Z", "user": 25, "content_type": 1, "object_id": "53", "object_repr": "E = mc^2 (Unknown)", "action_flag": 1, "change_message": "[{\"added\": {}}]"}}, {"model": "admin.logentry", "pk": 243, "fields": {"action_time": "2026-06-23T06:13:12.435Z", "user": 25, "content_type": 1, "object_id": "53", "object_repr": "E = mc^2 (Albert Einstein)", "action_flag": 2, "change_message": "[{\"changed\": {\"fields\": [\"Given by\"]}}]"}}, {"model": "admin.logentry", "pk": 244, "fields": {"action_time": "2026-06-23T06:18:37.552Z", "user": 25, "content_type": 1, "object_id": "54", "object_repr": "E_n = \\frac{-13.6}{n^2 } (Unknown)", "action_flag": 1, "change_message": "[{\"added\": {}}]"}}, {"model": "admin.logentry", "pk": 245, "fields": {"action_time": "2026-06-23T06:28:30.103Z", "user": 25, "content_type": 1, "object_id": "55", "object_repr": "N = N_0 e^(-\\lambda t) (Unknown)", "action_flag": 1, "change_message": "[{\"added\": {}}]"}}, {"model": "admin.logentry", "pk": 246, "fields": {"action_time": "2026-06-23T06:34:18.864Z", "user": 25, "content_type": 1, "object_id": "56", "object_repr": "t_{\\frac{1}{2}} = \\frac{0.693}{\\lambda} (Unknown)", "action_flag": 1, "change_message": "[{\"added\": {}}]"}}, {"model": "admin.logentry", "pk": 247, "fields": {"action_time": "2026-06-23T09:51:04.653Z", "user": 25, "content_type": 5, "object_id": "33", "object_repr": "dishant_mangesh", "action_flag": 3, "change_message": ""}}, {"model": "auth.permission", "pk": 1, "fields": {"name": "Can add formula", "content_type": 1, "codename": "add_formula"}}, {"model": "auth.permission", "pk": 2, "fields": {"name": "Can change formula", "content_type": 1, "codename": "change_formula"}}, {"model": "auth.permission", "pk": 3, "fields": {"name": "Can delete formula", "content_type": 1, "codename": "delete_formula"}}, {"model": "auth.permission", "pk": 4, "fields": {"name": "Can view formula", "content_type": 1, "codename": "view_formula"}}, {"model": "auth.permission", "pk": 5, "fields": {"name": "Can add log entry", "content_type": 2, "codename": "add_logentry"}}, {"model": "auth.permission", "pk": 6, "fields": {"name": "Can change log entry", "content_type": 2, "codename": "change_logentry"}}, {"model": "auth.permission", "pk": 7, "fields": {"name": "Can delete log entry", "content_type": 2, "codename": "delete_logentry"}}, {"model": "auth.permission", "pk": 8, "fields": {"name": "Can view log entry", "content_type": 2, "codename": "view_logentry"}}, {"model": "auth.permission", "pk": 9, "fields": {"name": "Can add permission", "content_type": 3, "codename": "add_permission"}}, {"model": "auth.permission", "pk": 10, "fields": {"name": "Can change permission", "content_type": 3, "codename": "change_permission"}}, {"model": "auth.permission", "pk": 11, "fields": {"name": "Can delete permission", "content_type": 3, "codename": "delete_permission"}}, {"model": "auth.permission", "pk": 12, "fields": {"name": "Can view permission", "content_type": 3, "codename": "view_permission"}}, {"model": "auth.permission", "pk": 13, "fields": {"name": "Can add group", "content_type": 4, "codename": "add_group"}}, {"model": "auth.permission", "pk": 14, "fields": {"name": "Can change group", "content_type": 4, "codename": "change_group"}}, {"model": "auth.permission", "pk": 15, "fields": {"name": "Can delete group", "content_type": 4, "codename": "delete_group"}}, {"model": "auth.permission", "pk": 16, "fields": {"name": "Can view group", "content_type": 4, "codename": "view_group"}}, {"model": "auth.permission", "pk": 17, "fields": {"name": "Can add user", "content_type": 5, "codename": "add_user"}}, {"model": "auth.permission", "pk": 18, "fields": {"name": "Can change user", "content_type": 5, "codename": "change_user"}}, {"model": "auth.permission", "pk": 19, "fields": {"name": "Can delete user", "content_type": 5, "codename": "delete_user"}}, {"model": "auth.permission", "pk": 20, "fields": {"name": "Can view user", "content_type": 5, "codename": "view_user"}}, {"model": "auth.permission", "pk": 21, "fields": {"name": "Can add content type", "content_type": 6, "codename": "add_contenttype"}}, {"model": "auth.permission", "pk": 22, "fields": {"name": "Can change content type", "content_type": 6, "codename": "change_contenttype"}}, {"model": "auth.permission", "pk": 23, "fields": {"name": "Can delete content type", "content_type": 6, "codename": "delete_contenttype"}}, {"model": "auth.permission", "pk": 24, "fields": {"name": "Can view content type", "content_type": 6, "codename": "view_contenttype"}}, {"model": "auth.permission", "pk": 25, "fields": {"name": "Can add session", "content_type": 7, "codename": "add_session"}}, {"model": "auth.permission", "pk": 26, "fields": {"name": "Can change session", "content_type": 7, "codename": "change_session"}}, {"model": "auth.permission", "pk": 27, "fields": {"name": "Can delete session", "content_type": 7, "codename": "delete_session"}}, {"model": "auth.permission", "pk": 28, "fields": {"name": "Can view session", "content_type": 7, "codename": "view_session"}}, {"model": "auth.permission", "pk": 29, "fields": {"name": "Can add category", "content_type": 8, "codename": "add_category"}}, {"model": "auth.permission", "pk": 30, "fields": {"name": "Can change category", "content_type": 8, "codename": "change_category"}}, {"model": "auth.permission", "pk": 31, "fields": {"name": "Can delete category", "content_type": 8, "codename": "delete_category"}}, {"model": "auth.permission", "pk": 32, "fields": {"name": "Can view category", "content_type": 8, "codename": "view_category"}}, {"model": "auth.permission", "pk": 33, "fields": {"name": "Can add site", "content_type": 9, "codename": "add_site"}}, {"model": "auth.permission", "pk": 34, "fields": {"name": "Can change site", "content_type": 9, "codename": "change_site"}}, {"model": "auth.permission", "pk": 35, "fields": {"name": "Can delete site", "content_type": 9, "codename": "delete_site"}}, {"model": "auth.permission", "pk": 36, "fields": {"name": "Can view site", "content_type": 9, "codename": "view_site"}}, {"model": "auth.permission", "pk": 37, "fields": {"name": "Can add email address", "content_type": 10, "codename": "add_emailaddress"}}, {"model": "auth.permission", "pk": 38, "fields": {"name": "Can change email address", "content_type": 10, "codename": "change_emailaddress"}}, {"model": "auth.permission", "pk": 39, "fields": {"name": "Can delete email address", "content_type": 10, "codename": "delete_emailaddress"}}, {"model": "auth.permission", "pk": 40, "fields": {"name": "Can view email address", "content_type": 10, "codename": "view_emailaddress"}}, {"model": "auth.permission", "pk": 41, "fields": {"name": "Can add email confirmation", "content_type": 11, "codename": "add_emailconfirmation"}}, {"model": "auth.permission", "pk": 42, "fields": {"name": "Can change email confirmation", "content_type": 11, "codename": "change_emailconfirmation"}}, {"model": "auth.permission", "pk": 43, "fields": {"name": "Can delete email confirmation", "content_type": 11, "codename": "delete_emailconfirmation"}}, {"model": "auth.permission", "pk": 44, "fields": {"name": "Can view email confirmation", "content_type": 11, "codename": "view_emailconfirmation"}}, {"model": "auth.permission", "pk": 45, "fields": {"name": "Can add social account", "content_type": 12, "codename": "add_socialaccount"}}, {"model": "auth.permission", "pk": 46, "fields": {"name": "Can change social account", "content_type": 12, "codename": "change_socialaccount"}}, {"model": "auth.permission", "pk": 47, "fields": {"name": "Can delete social account", "content_type": 12, "codename": "delete_socialaccount"}}, {"model": "auth.permission", "pk": 48, "fields": {"name": "Can view social account", "content_type": 12, "codename": "view_socialaccount"}}, {"model": "auth.permission", "pk": 49, "fields": {"name": "Can add social application", "content_type": 13, "codename": "add_socialapp"}}, {"model": "auth.permission", "pk": 50, "fields": {"name": "Can change social application", "content_type": 13, "codename": "change_socialapp"}}, {"model": "auth.permission", "pk": 51, "fields": {"name": "Can delete social application", "content_type": 13, "codename": "delete_socialapp"}}, {"model": "auth.permission", "pk": 52, "fields": {"name": "Can view social application", "content_type": 13, "codename": "view_socialapp"}}, {"model": "auth.permission", "pk": 53, "fields": {"name": "Can add social application token", "content_type": 14, "codename": "add_socialtoken"}}, {"model": "auth.permission", "pk": 54, "fields": {"name": "Can change social application token", "content_type": 14, "codename": "change_socialtoken"}}, {"model": "auth.permission", "pk": 55, "fields": {"name": "Can delete social application token", "content_type": 14, "codename": "delete_socialtoken"}}, {"model": "auth.permission", "pk": 56, "fields": {"name": "Can view social application token", "content_type": 14, "codename": "view_socialtoken"}}, {"model": "auth.permission", "pk": 57, "fields": {"name": "Can add profile", "content_type": 15, "codename": "add_profile"}}, {"model": "auth.permission", "pk": 58, "fields": {"name": "Can change profile", "content_type": 15, "codename": "change_profile"}}, {"model": "auth.permission", "pk": 59, "fields": {"name": "Can delete profile", "content_type": 15, "codename": "delete_profile"}}, {"model": "auth.permission", "pk": 60, "fields": {"name": "Can view profile", "content_type": 15, "codename": "view_profile"}}, {"model": "auth.user", "pk": 21, "fields": {"password": "!wEqOFmTRII0v6RCuyMic893L6rCzB8dYEnfnzywS", "last_login": "2026-06-22T09:06:40.475Z", "is_superuser": false, "username": "22901024", "first_name": "22901024", "last_name": "soham", "email": "22901024soham@viva-technology.org", "is_staff": false, "is_active": true, "date_joined": "2026-06-22T09:06:40.264Z", "groups": [], "user_permissions": []}}, {"model": "auth.user", "pk": 24, "fields": {"password": "!zfeIZhr0OjS4nLOipbuiUOHDv8NJn8vW05SUhM7e", "last_login": "2026-06-22T10:05:20.051Z", "is_superuser": false, "username": "meenakshi", "first_name": "MEENAKSHI", "last_name": "NAIR", "email": "meenus100404@gmail.com", "is_staff": false, "is_active": true, "date_joined": "2026-06-22T10:00:40.772Z", "groups": [], "user_permissions": []}}, {"model": "auth.user", "pk": 25, "fields": {"password": "pbkdf2_sha256$720000$F5fcONyh2KepjFSoIaLJ3e$D0tmXgBEuIw3KPMny8Xerk58jJVlvpraQIENgy9X+K4=", "last_login": "2026-06-23T09:14:13.773Z", "is_superuser": true, "username": "harshad", "first_name": "Harshad", "last_name": "", "email": "harshadkolekar2004@gmail.com", "is_staff": true, "is_active": true, "date_joined": "2026-06-22T10:48:51.391Z", "groups": [], "user_permissions": []}}, {"model": "auth.user", "pk": 26, "fields": {"password": "!4e8xhw41Yhos91QM2yQVVUufdSXFqZP3MAQRqj39", "last_login": "2026-06-22T10:50:00.931Z", "is_superuser": false, "username": "yash", "first_name": "Yash", "last_name": "Wade", "email": "yashwade04@gmail.com", "is_staff": false, "is_active": true, "date_joined": "2026-06-22T10:50:00.761Z", "groups": [], "user_permissions": []}}, {"model": "auth.user", "pk": 27, "fields": {"password": "!Gk8ZtB90xIsMJBAX0nSkuBnXMdZEgZj0IR15laml", "last_login": "2026-06-22T11:18:51.330Z", "is_superuser": false, "username": "shashikant", "first_name": "SHASHIKANT", "last_name": "RAJPUT", "email": "shashi2005.rajput@gmail.com", "is_staff": false, "is_active": true, "date_joined": "2026-06-22T11:18:51.109Z", "groups": [], "user_permissions": []}}, {"model": "auth.user", "pk": 28, "fields": {"password": "!YXI2ZFOQDP1dWCZrWzSYAXlFsmIMGAEswfxIyFNp", "last_login": "2026-06-22T11:20:45.577Z", "is_superuser": false, "username": "sandip", "first_name": "Sandip", "last_name": "Kolekar", "email": "sandipkolekar20@gmail.com", "is_staff": false, "is_active": true, "date_joined": "2026-06-22T11:20:45.355Z", "groups": [], "user_permissions": []}}, {"model": "auth.user", "pk": 30, "fields": {"password": "!KnnCDzghjRTxdTmlUggrto3qGFIxiBZpO8CjbYH3", "last_login": "2026-06-22T12:33:03.944Z", "is_superuser": false, "username": "latika", "first_name": "Latika", "last_name": "Kolekar", "email": "kolekarlatika1@gmail.com", "is_staff": false, "is_active": true, "date_joined": "2026-06-22T12:33:03.734Z", "groups": [], "user_permissions": []}}, {"model": "auth.user", "pk": 31, "fields": {"password": "!9eLiMBy64NyfG1cLmTFz8UjVM4bpxY8aKVVooWcy", "last_login": "2026-06-23T04:20:28.738Z", "is_superuser": false, "username": "pravin", "first_name": "Pravin", "last_name": "Kolekar", "email": "pravin.kolekar369@gmail.com", "is_staff": false, "is_active": true, "date_joined": "2026-06-22T14:02:50.589Z", "groups": [], "user_permissions": []}}, {"model": "auth.user", "pk": 32, "fields": {"password": "!P9p91vPrUuk6hDpcAblOq86sHhrgvyOP9LTu7yAm", "last_login": "2026-06-22T16:10:09.856Z", "is_superuser": false, "username": "samarth", "first_name": "Samarth", "last_name": "More", "email": "samarthm770@gmail.com", "is_staff": false, "is_active": true, "date_joined": "2026-06-22T16:10:09.645Z", "groups": [], "user_permissions": []}}, {"model": "auth.user", "pk": 34, "fields": {"password": "!MsKjMaeJ0Zixu2j5dEHQXur2vuNdVacNKlE2hZz0", "last_login": "2026-06-23T08:48:20.496Z", "is_superuser": false, "username": "kolekar", "first_name": "Kolekar", "last_name": "Priyanka", "email": "priyankakolekar807@gmail.com", "is_staff": false, "is_active": true, "date_joined": "2026-06-23T08:48:20.304Z", "groups": [], "user_permissions": []}}, {"model": "auth.user", "pk": 35, "fields": {"password": "!7xpOLzKfYbiG7RG2SXA6e3aTmoM4CgYkWPpwHHuq", "last_login": "2026-06-23T09:28:13.752Z", "is_superuser": false, "username": "harshad9", "first_name": "harshad", "last_name": "kolekar", "email": "harshad.kolekar12@gmail.com", "is_staff": false, "is_active": true, "date_joined": "2026-06-23T09:17:41.083Z", "groups": [], "user_permissions": []}}, {"model": "contenttypes.contenttype", "pk": 1, "fields": {"app_label": "formulas", "model": "formula"}}, {"model": "contenttypes.contenttype", "pk": 2, "fields": {"app_label": "admin", "model": "logentry"}}, {"model": "contenttypes.contenttype", "pk": 3, "fields": {"app_label": "auth", "model": "permission"}}, {"model": "contenttypes.contenttype", "pk": 4, "fields": {"app_label": "auth", "model": "group"}}, {"model": "contenttypes.contenttype", "pk": 5, "fields": {"app_label": "auth", "model": "user"}}, {"model": "contenttypes.contenttype", "pk": 6, "fields": {"app_label": "contenttypes", "model": "contenttype"}}, {"model": "contenttypes.contenttype", "pk": 7, "fields": {"app_label": "sessions", "model": "session"}}, {"model": "contenttypes.contenttype", "pk": 8, "fields": {"app_label": "formulas", "model": "category"}}, {"model": "contenttypes.contenttype", "pk": 9, "fields": {"app_label": "sites", "model": "site"}}, {"model": "contenttypes.contenttype", "pk": 10, "fields": {"app_label": "account", "model": "emailaddress"}}, {"model": "contenttypes.contenttype", "pk": 11, "fields": {"app_label": "account", "model": "emailconfirmation"}}, {"model": "contenttypes.contenttype", "pk": 12, "fields": {"app_label": "socialaccount", "model": "socialaccount"}}, {"model": "contenttypes.contenttype", "pk": 13, "fields": {"app_label": "socialaccount", "model": "socialapp"}}, {"model": "contenttypes.contenttype", "pk": 14, "fields": {"app_label": "socialaccount", "model": "socialtoken"}}, {"model": "contenttypes.contenttype", "pk": 15, "fields": {"app_label": "formulas", "model": "profile"}}, {"model": "sessions.session", "pk": "042qu5wmmac922ywye5pnlj3og3armzp", "fields": {"session_data": ".eJxVjMEOgyAQRP9lz8YIqKC39kfIuqyRlGJSoBfjv7c29uBx3sy8DdJKHgMSrSVmmzJmTjBuewV_9uaXnz07y0_0AcZYQqjAYsmLLYlf1jsYQSm4wAnpwfFoMIQD16ev_m3OOtW3b-KYPWH2a7yfr4tqwbQcHlRGCp461yArM1A3yUFTz0oN2kgjqG9NL3U7N20ntBROGt2JmZvGuFkT7B9vJ1D6:1wbiAK:A7ji-aj2tXa2ThX9OZH7amL-Plg4RNOlEvCFOCIfTbI", "expire_date": "2026-07-06T17:10:32.369Z"}}, {"model": "sessions.session", "pk": "0jtqsivzn6ltsqxtwf2mmdppd0gvy0pv", "fields": {"session_data": ".eJxVjEEOwiAQRe_C2hAYmKG4dO8ZCDBUqoYmpV0Z765NutDtf-_9lwhxW2vYelnCxOIsSJx-txTzo7Qd8D222yzz3NZlSnJX5EG7vM5cnpfD_TuosddvbQedmAygGk22gLoQIeUIFlFpDRSNH4C1Y3YKrHZuLMw2ezCYDHnx_gCurjZ_:1vsfWm:0vB0468IomNZsOHJoNRg1msodA7rWaePq5srNKhuntw", "expire_date": "2026-03-04T11:15:32.805Z"}}, {"model": "sessions.session", "pk": "1qzlcc6uwxy4hvco58xpej0jvoxielk2", "fields": {"session_data": ".eJxVjDsOwjAQBe_iGln-Zm1Kes5g7XptEkCOFCcV4u4QKQW0b2beSyTc1jFtvSxpYnEWIE6_G2F-lLYDvmO7zTLPbV0mkrsiD9rldebyvBzu38GIffzWUQG6ipaCHzwBhuqjMaY67TIV8NEyguLsAwysFUCsbA1Q9BS100a8P9eINys:1wZ0k7:3ehq8p9h7XnDLZLYCMBcmf9nx66hNYRHwHUSya1ONds", "expire_date": "2026-06-29T06:24:19.354Z"}}, {"model": "sessions.session", "pk": "3w6gxorkgw5r4h6kll731gd9hv3heb1y", "fields": {"session_data": ".eJxVjTEOgzAMRe_iGSFKmkDY2otExnFE1DRIJOmCuHuhogODB79vv79CmsljQKK5xGxSxswJhnWr4M8-vHjn2Rp-ow8wxBJCBQZLnkxJvBhvYYC2hwsckV4cjwRDOHB9-urfzRmn-rFvHLMnzH6Oz_PropowTUfDKIWwylGPqlXIyo5stVNuH9HIXnYN7lphddfpkaSgjpzUN6Xbu0JFsH0BonlSXw:1wbchp:ERBjoDQJjI-xSrZzN1sGq_lwV_EpJfsVGiRPJQCUDNM", "expire_date": "2026-07-06T11:20:45.604Z"}}, {"model": "sessions.session", "pk": "5t2ge2yomosdrjpyl40xciptzzmdcapb", "fields": {"session_data": ".eJxVjE0OwiAYBe_C2hCg8gEu3XsG8vipVA0kpV0Z726bdKHbmXnvzTzWpfi159lPiV2YZqdfFhCfue4iPVDvjcdWl3kKfE_4YTu_tZRf16P9OyjoZVsrEkEPRmhhEiGOTpCVBto6B6mUI0WaHAQ0AIpBjrQhR3KAsPZs2OcLrjc2WQ:1vsKFH:GV9MsJHj1KcnAFBeucgd-V4wGE0iDkDRqP0i1QsC1Ns", "expire_date": "2026-03-03T12:32:03.112Z"}}, {"model": "sessions.session", "pk": "6csf1eiqpxo9bzi4twjwgfqixbu5nd6s", "fields": {"session_data": ".eJwlyUEKwjAQAMC_7DlI2xQiOXuwPxBFwrpdSzBmS5J6Cfl7CzLHqZCFPAYkki0WlwsWzmAr3C7LFDD56SvD666vYB8V1iTE-XgIsvgICmYsCDZuIShYP8SOZGb34-TfntN_murNeej1wZy6UY9Gm2drO8FOKdg:1wbdlV:STDaxMqiIcj8CW_C-aQRTAOpnFWQyZBkFS1hUsPl5IU", "expire_date": "2026-07-06T12:28:37.047Z"}}, {"model": "sessions.session", "pk": "6nwiy3hy8aczy23z6f2v1bhxaq0sak6q", "fields": {"session_data": "e30:1vsJii:APZP4auDco5oc086a5_Jwh54dM8Agao62Wand0NCr28", "expire_date": "2026-03-03T11:58:24.361Z"}}, {"model": "sessions.session", "pk": "8lcxrlpf1q7ub6o1t18ipx9b3v1lotzy", "fields": {"session_data": ".eJxVj81uhDAMhN_FZ4QSm_ywt_Y1qgo5iXdBpaSC0Mtq371AuXCzZr4ZjZ_AMeZ1Kh2vpZepDJHLkKfuW0qf0wK3jyf833CDJceBxzMBFXCBm3YeNaJDVStEci1W8DPn3yHJvEUeOT9G2dh12Bu0IsKGfGuNJW-tM-QNvD4rOAZ06yJzd5DYwEUMHL9k2h0ex12uzx31wZz2Ur9d_ng_U5eqnpd-61EsSRvSAS0rE4hEWX_HcA-iOIkQskadmlaiMskq18YQjQ5KvFgnBK8_Tv5nCQ:1wbbWq:DiBYEWpQ9TclkQS-DNabPfuKU6vaxGoSlyW_Q29Dr5Y", "expire_date": "2026-07-06T10:05:20.075Z"}}, {"model": "sessions.session", "pk": "8zl0hszso43b4tqhapaisi7v5s7uxmwn", "fields": {"session_data": ".eJxVj0tuhDAMhu_iNUJxQl6z61yjqpAxYUClpCKhG8TdC5Qu2Fn_47O9Qoo80EjMcZlynTLlkOCxbgX8a7TkPkx5YMpDnOqvkPvY7pn3Ff5meNwpsHczPNA6KYVxXpXGeiFMAd9z_BnaMO-NV4yvMezRZTgAiMoq65x2VeUEKomoPWwfBZz76yWFuT6TSsNNbIg_w3Q4NI6HXF5nlGfmslP5dnvjebVuqJ5Sf3DQNxpty85LskJULTprODRYadKdqYg6Mqw6lqSkll6zba23pmPkxjBsv-i8cKE:1wbxQT:99xH_etVPIZAhtRQK8mtWZqa3oK-3jU4fgLGjUdF25Y", "expire_date": "2026-07-07T09:28:13.791Z"}}, {"model": "sessions.session", "pk": "a28xdlipwf2glbtsopedn5059qsjj2ll", "fields": {"session_data": ".eJxVj0FuhTAMRO_iNUJxSAiwa69RVcgk5oNKSUVCN4i7N_mfLthZ4zdjzwHB25kWstbva-xDpMgBuuMs4F-jPU68xtlSnP3af3OcvEvMxwGvGbp7CiRvhA5NI0UlWilLpYXQsoCfzf_OjrfkeHj_WDih-5wDEIWqTVO1jdFS11IZbDScnwU87_d74K1_kQZu4kD2i9e8oWXJcnm9UT6Zax3Kt1uN98t1i5ooTCnHaUmjoYFQkWQ0NfNgx7FmqnBwQ4OuVo4VVmhERoxpuc1NBSmlCOH8AwSjcHQ:1wbDeE:TPDtKb-aCBNiPFRWLTYdMqEMEBb0pe0U1Tk0LDmOlj8", "expire_date": "2026-07-05T08:35:22.529Z"}}, {"model": "sessions.session", "pk": "a7xs3wyfl81t7oixhn25rqn4nwt1p84z", "fields": {"session_data": ".eJxVjEEOgyAQRe8ya2PEFCru2ouQGRgiKcVEoBvj3auNXbib__6ft0KebcCI1s41FZMLFs4wrlsDf_bhJfjAzvAbQ4Qx1RgbMFjLZGrmxQQHI_QKLpDQvjgdDcZ44Pb0tb_NWef2sSdOJVgsYU7P8-uimjBPu8ff7moYULBDtESEJFir_Wah0EqnJUqndHdDokGQkr0YSHSstLPeeQ3bF8i7U4Y:1wbcE4:fbmfzUKg44nwXPTjNtcyY7h9Y8ueVmtxH4A93bJhHg4", "expire_date": "2026-07-06T10:50:00.951Z"}}, {"model": "sessions.session", "pk": "akldjyxcqjy6cm4ynvluvxx31at6zmze", "fields": {"session_data": ".eJxVjMEOwiAQBf-FsyFAKSwevfcbyMKCVA0kpT0Z_9026UGvb2bem3nc1uK3nhY_E7syyy6_W8D4TPUA9MB6bzy2ui5z4IfCT9r51Ci9bqf7d1Cwl72WIgStkcIAaSSRUWnnBoLRYTQmkXFZR3BGKWUFGFJgSSq5Y8AchGWfL-X0N4c:1waaHM:MyHBY3zIg78C0O3osZNlnytAtJGGOAmWCRENbDq2o4Y", "expire_date": "2026-07-03T14:33:08.253Z"}}, {"model": "sessions.session", "pk": "al8gm82z16q5leormiq1es3wvx5dvtpl", "fields": {"session_data": "eyJzb2NpYWxhY2NvdW50X3N0YXRlcyI6eyJDSkdYNUVmSTh4UEN4d0tIIjpbeyJwcm9jZXNzIjoibG9naW4iLCJkYXRhIjpudWxsLCJwa2NlX2NvZGVfdmVyaWZpZXIiOm51bGx9LDE3ODIwOTQ2MTIuMDUyNjk3NF19fQ:1wbUDU:Lk7piaKzjrAFb75iJWVwQSMBET868ijSdNsXV-rYmDQ", "expire_date": "2026-07-06T02:16:52.061Z"}}, {"model": "sessions.session", "pk": "anvo4fpyg28yuwd0sik1yrsw8c5u0h8l", "fields": {"session_data": ".eJxVjUFPhDAQhf_LnAlpoYXCTU8bvZoYY0wztMPSbC0bWjSR8N8FZQ97m_e-N-8tEEfj0KMx4xySjgkTRWgXiC8_p5Ojpzf2PZevzwTt-wLXaTQUNw5-PLsAGVhMCG2Yvc_gejGkzWhJf9HkekfTP1kzXquCCyEly5Xkohblx5rBbfRIW02f6PytTeOcBj1HmrSz22JZwJ3ZoblQ2Al6v9v50Zf_ZQ4c84dNUUjOYHJjeDy-7qoGjMO-UNmuEZaYYjXVSiCWvKt6JaqyaST1yhbFdnXIpTRCGFEzWQtW9j1jHLsC1l9XgHBL:1wbhDt:rhLJo3c2dsOLzXIPBywIP-7bRoElGHat37mFHFM4F5U", "expire_date": "2026-07-06T16:10:09.887Z"}}, {"model": "sessions.session", "pk": "di72wvvdyo0ti4ytohz6vp77taahsfnd", "fields": {"session_data": ".eJxVjMEOwiAQBf-FsyFAKSwevfcbyMKCVA0kpT0Z_9026UGvb2bem3nc1uK3nhY_E7syyy6_W8D4TPUA9MB6bzy2ui5z4IfCT9r51Ci9bqf7d1Cwl72WIgStkcIAaSSRUWnnBoLRYTQmkXFZR3BGKWUFGFJgSSq5Y8AchGWfL-X0N4c:1wZ5OW:EJ-7s_7ZS30u4_IvpmnQvUVTotG3f8Lb932oxcS7UDA", "expire_date": "2026-06-29T11:22:20.692Z"}}, {"model": "sessions.session", "pk": "g83lv7j1dhgtckrjvta0zzzfdua9s1gb", "fields": {"session_data": ".eJxVjMEOwiAQBf-FsyFAKSwevfcbyMKCVA0kpT0Z_9026UGvb2bem3nc1uK3nhY_E7syyy6_W8D4TPUA9MB6bzy2ui5z4IfCT9r51Ci9bqf7d1Cwl72WIgStkcIAaSSRUWnnBoLRYTQmkXFZR3BGKWUFGFJgSSq5Y8AchGWfL-X0N4c:1wa5Eg:kCdTchF0v9rnWj0iojEiqJYKNbrwSvYUPjN3XdE_PnY", "expire_date": "2026-07-02T05:24:18.280Z"}}, {"model": "sessions.session", "pk": "h1e7dnbwthhssig6fd0ps2c3oh7tzhi6", "fields": {"session_data": ".eJxVj8FuxCAMRP_F5ygCEgzk1v2NqooMgQ1qGqpAelntv5fs5pKTLc-b0fgB5Fza1zLSXma_luioxLSOP77MacowfD7gvcMAOblIy-mABqjAwJXmWqledG1n0LBeNPC7pb84-a1a7indF1_ZPR4JnDOFWlbKINMCDfbawPOrgVeBcc9-G98kwuVoyX379VBoWY5ze_ZoX8wp5_bj8sftdF2iZspzzZHCMqu5tx5lMMq6ThJ5siwYw7VFH0TQttMq8ECmc5OrwwkTgkS0yOD5D4NlZ-s:1waZiR:ZZNRJubISR_nRxS2WmaO7be1huMdwAEip5ysIkVX6XA", "expire_date": "2026-07-03T13:57:03.466Z"}}, {"model": "sessions.session", "pk": "h8offcqklo97uxt1vi4zlqluk8j40fjj", "fields": {"session_data": ".eJxVjDEOgzAMRe_iGSEgEAJbe5HIOI6ImgaJJF0Qdy9UdGDw8N__fhvEhRx6JFpySDomTBxh3PYC_uzDq7OOjeY3Og9jyN4XoDGnWefIq3YGRhAV3OCE9OJwNuj9icvLV_42Vx3Lx5E4JEeY3BKe19dNNWOcD4-ylWrkZAa2ppVS1hMpJQfqJYuhOc6SnNqu6wXbpq16IQY0tqK66wgbxbB_AYCJUc0:1wbdpn:ykHWOy3Jkjn4kOMK7MJ79Dz9Qo7dR7KfeqbeQw5vmWs", "expire_date": "2026-07-06T12:33:03.977Z"}}, {"model": "sessions.session", "pk": "jw0vmtuohh7kk1vjmqv8l8fhe9llwgmc", "fields": {"session_data": ".eJxVjM0OgyAQhN9lz8YE8Q9v7YuQZVkiKcVEoBfju1cbe_A438x8G6SFPAYkWkrMOmXMnGDa9gr-7MOrd56t5jf6AFMsIVSgseRZl8Sr9hYmkC3coEF6cTwbDOHE9eWrf5urTvXjSByzJ8x-ic_rdVPNmObD01vH3LQdGcNOCrSD6lrujSWpOsvNgDSSEEiKsWlH00lsmNg5JUajXA_7F8fPU5s:1wbwo3:w0ve2pl-JcxN8Py6SssmDNJ7rRjBvsnRuqnm_rFO9Cg", "expire_date": "2026-07-07T08:48:31.208Z"}}, {"model": "sessions.session", "pk": "k4jbcfbb88udgb84vnjh9jxhv5teytlb", "fields": {"session_data": ".eJxVj01uhTAMhO_iNUI4P8Rh116jqlAI5oFKSUVCN4i7N7xHF-ysmW9G4x1i8JObnfdhW1Ibk0scodmPAv41t6WRlzR5l6awtN-cxtBn5mOH1w3NvQVyNkGDhtAapW1daqENVlTAzxp-p57XHHmE8Jg5s9t0NiBKIw2RJqWoQikQtYXjs4DngHaLvLYvUsNN7Jz_4uV03DyfcnntKJ_MZcfy7fbH-5W6VY0ujrlHuQGd4W5Qnth5tiRRGGFlTVRzh4M3KlvW150WXA1DL_qOKo0CrVSW4fgDXjxwwA:1wayzk:nWzgwm6bNt55iZBZweDl3zgDUjiGZ34-7EH6JyToZww", "expire_date": "2026-07-04T16:56:36.616Z"}}, {"model": "sessions.session", "pk": "k7iid11eq4eqgowu52k6ucgwos2iovt9", "fields": {"session_data": ".eJxVjDsOwyAQRO9CHSEwX6dM7zOghV2CkwgkY1dR7h5bcpEU08x7M28WYFtL2DotYUZ2ZZ5dfrsI6Un1APiAem88tbouc-SHwk_a-dSQXrfT_Tso0Mu-NppMJLQosxMjZu1HgcY4ofxgPUQ0KmFSWRsvB8pSKrI-ZQ1O7NGOfb7otze3:1wYe5T:FQUwne554gvlbcfy4-31nPBhGXDFKvOZM1j8bb8ax74", "expire_date": "2026-06-28T06:12:51.123Z"}}, {"model": "sessions.session", "pk": "k9xwqekzss2fqnh4e44ksizr01o5wi0o", "fields": {"session_data": ".eJxVj81uhDAMhN_FZ4RwfojDrfsaVYVMMAsqJRWEXlb77g27XLhZM9-Mxg_gEOK-pJb3NMqSpsBpikv7I2mM_QbN5wPeNzSwxTDxfCagAE7QoCOFSNpWpaHKe2sK-F3j39TLmiP3GO-zZHafjgZE7bQjsmQyjTpHrYfnVwGvAe2-ydq-SQsXsePwLcvh8DwfcnnuKF_MaW_lx-WP25m6VI28jbnH8IDspBtMIOEgnjQqp7yuiWrpcAjOZMuHurNKqmHoVd9RZVGh18YLPP8BYEFmuQ:1wbaOM:ROuPFCTq_eFRB7va-OxXkuqS7kjtH0_SKCZ5LIvZKmM", "expire_date": "2026-07-06T08:52:30.534Z"}}, {"model": "sessions.session", "pk": "ktvdi9p2ye3o57y41bujzo0ujp8dbjhu", "fields": {"session_data": ".eJxVjEEOgjAQRe_StWmY0hHq0j1nIDPtjKCmTSisjHdXEha6_e-9_zIjbes0blWWcU7mYsCcfjem-JC8g3SnfCs2lrwuM9tdsQetdihJntfD_TuYqE7fuutD75rgFWMQTAwKARC4bREJA_jGKfsOArE7C3rslDVGVk2SyIl5fwDFWzg8:1veaQs:VmYmaLOVlfpYwkacL_cebCgzAmT7_b5Rz2F0gS21Uzg", "expire_date": "2026-01-24T14:59:14.800Z"}}, {"model": "sessions.session", "pk": "m65xc450hwckc7z58nljpcbss9nnoyve", "fields": {"session_data": ".eJxVjDsOwjAQBe_iGln-rTehpOcMlu1d4wBypDipEHeHSCmgfTPzXiLEba1h67yEicRZGBCn3zHF_OC2E7rHdptlntu6TEnuijxol9eZ-Hk53L-DGnv91ooASsKMlFxyrAyhQtIEJlk2phTrBsUeEGzUvuhhxOIyaU9K25FRvD8PlTfX:1wbxCv:QD86ytmcyE80IQoA8vvz3jjTXS02d67FFjHJNx1f11A", "expire_date": "2026-07-07T09:14:13.814Z"}}, {"model": "sessions.session", "pk": "nrp22fqw49384j6lvxhehbg4ty3dsrez", "fields": {"session_data": ".eJxVjEEOwiAQRe_C2pDChAIu3XsGMgyDVA0kpV013t026UK3_733NxFwXUpYO89hSuIqtLj8bhHpxfUA6Yn10SS1usxTlIciT9rlvSV-307376BgL3s9sPfgLWVi8FHllMlohuwA_ECswDq0bLQfLe4mosNsYlZKAySyo_h8AfOkOB4:1vlnFD:bLboGIS97gzsDgdM8Of-vz7SfsmV5kx1I1PPfrgYSgs", "expire_date": "2026-02-13T12:04:59.924Z"}}, {"model": "sessions.session", "pk": "p6so4wsn0fxvorzxym033d4kw17q5a2a", "fields": {"session_data": ".eJxVj0tuhTAMRffiMUKJyQ9mfduoKuSXmAcqJRUJnSD2XqB0wMw696PrFVL0A43kfVym3KZMmRM061bAP6Ml9zzlwVMe4tR-ce5j2D3vK_zd0NxbYM9maKR1KExltC3RojXSFfA9x58h8LxHXjG-Rt69y3A0SGFQKXQ1mtoYoRGFdbB9FHAOaJfEc3s6UcANPsl_8nQoNI4HLq8d5em55FS-3f54XKlbVU-pP7ZINPgUEgkr0kqycsYq1txZqrV1UouOlNtp4IAcfFDSi-C6SphAHcP2CxOwcGg:1wbMAD:pyAsCNSqbwy62KxC_xKfAAodYpnYSzDb1Zwgfwd8Aak", "expire_date": "2026-07-05T17:40:57.346Z"}}, {"model": "sessions.session", "pk": "pudhf70d65txyuuoil76qd2gzip63dcs", "fields": {"session_data": "eyJzb2NpYWxhY2NvdW50X3N0YXRlcyI6eyJjREZBR2Q2TXNXMkhaN3VzIjpbeyJwcm9jZXNzIjoibG9naW4iLCJkYXRhIjpudWxsLCJwa2NlX2NvZGVfdmVyaWZpZXIiOm51bGx9LDE3ODIwMzAwNzguMzA2NzQ5Nl19fQ:1wbDQc:WhHpHunfYTryGBaDfUHIzLOKQH5Ja8fH3rGecFY8U2k", "expire_date": "2026-07-05T08:21:18.310Z"}}, {"model": "sessions.session", "pk": "t0v47t38fqeabjfbwvzqqpxtsfri4kfe", "fields": {"session_data": ".eJxVjEEOgyAURO_CujF8pVLdtRchA3wiKcVEoZumd682blzOzJv3EXBurrmYNy8xRPaGX4hJjLmmdBEGtUymrryY6MUoSItTaeGenPcFKe11c_iaP3PMa3PfEucSHUqc8-N4nVQT1mnz-GuLoGFBCi2T7pmtC6FndGS9vZHvlWdFHWm5I1oPPMhODhJKKZD4_gDhF0gh:1waZ3p:RosJO7RiHmctCObQT1xK43cHx9ifLdNoFVctgWks1_k", "expire_date": "2026-07-03T13:15:05.597Z"}}, {"model": "sessions.session", "pk": "t1b0goc6fa9gjzez8ir2uyk1djqppb2q", "fields": {"session_data": "eyJzb2NpYWxhY2NvdW50X3N0YXRlcyI6e319:1wbbdN:1IHcHtxZox2evRdfMqT9NEjamh9KB074XmkQeOT2v-4", "expire_date": "2026-07-06T10:12:05.226Z"}}, {"model": "sessions.session", "pk": "t2zutot8td15sswbrua1a94vncpwx3cw", "fields": {"session_data": ".eJxVjMsOwiAQRf-FtSEMjwm4dO83kGEAqRqalHZl_Hdt0oVu7znnvkSkbW1xG2WJUxZnAVqcfsdE_Ch9J_lO_TZLnvu6TEnuijzokNc5l-flcP8OGo32rS1DZaODCjUg6YCBSSFnDK5UsIYIHeiUrFLovE3GV5OTAesqGO-UeH8A9_E3Pg:1waDUP:tdgP5kxRtJcMGiTfAQopbDay0SAxCcSQrOU3JyQ5jec", "expire_date": "2026-07-02T14:13:05.403Z"}}, {"model": "sessions.session", "pk": "tmz4cxkz0kp6mp8ooyulx8lxpdkfro8p", "fields": {"session_data": ".eJxVjMEOgjAQRP9lz4TQBWrlpj_SbLfb0FhLYosX4r8rBg8e583M26AsHCkR87LmakulKgWm7dXAjz3lEUMUb-VOMcGU15QasLTW2a5FHjZ6mABP8Acd8U3y3lBKO24PX_vdHHVpL58kuUamGpd8PV5_qpnK_PFoxeeRh-HktUYTlFHskIP3To-aFaIR3SENono5G-xdcBxw8B31Wpsg8HoDgUtSEQ:1wbcfz:n9LaqcLxafdo55-1qQOr2a5e9wwm6r_G3C-mlN2GqY0", "expire_date": "2026-07-06T11:18:51.357Z"}}, {"model": "sessions.session", "pk": "uhh3xwhap5uhr7ohn0lne0303d7dgvc8", "fields": {"session_data": ".eJxVjEEOwiAQRe_C2hAYmKG4dO8ZCDBUqoYmpV0Z765NutDtf-_9lwhxW2vYelnCxOIsSJx-txTzo7Qd8D222yzz3NZlSnJX5EG7vM5cnpfD_TuosddvbQedmAygGk22gLoQIeUIFlFpDRSNH4C1Y3YKrHZuLMw2ezCYDHnx_gCurjZ_:1vsfeU:viaTxA_wFr2S-gytvBDGACKp0xz010mgI7PVx2SpepY", "expire_date": "2026-03-04T11:23:30.633Z"}}, {"model": "sessions.session", "pk": "umsn66awijwp584btmnm37xxitw0io5g", "fields": {"session_data": ".eJxVj81uhDAMhN_FZ4RwfojDrfsaVYWcYBZUSioIvaz23Qu7XLhZ882M7QdwjGmbc8tbHmTOY-Q8prn9kTykboXm8wHvGRpYUxx5OhNQAGdo0JGqsNYaS-2sJVXA75L-xk6WPXFP6T7Jbt3GowBRO-2ILBlDFWqFaD08vwp47W-3VZb27bRwEQPHb5kPwtN0yOV5RvnynHgtPy5v3M7UpWrgddh7DPfITkJvIglH8aRROeV1TVRLwD46syMf62CVVH3fqS5QZVGh18YLPP8BDChmfA:1wb9qt:Yw-vfC_mozIdML1bbC18Og8stYOCyact1Mjt5MEq_vk", "expire_date": "2026-07-05T04:32:11.436Z"}}, {"model": "sessions.session", "pk": "w65aq8bgskdb6xprjjszg6wyewdqvsbt", "fields": {"session_data": ".eJxVj81uhDAMhN_FZ4TiLCEOt_Y1qgo5PyyolFQk7GW1776BcuFmzXwzGj-BnYvbknve8hiWPDnOU1z635DH6BN0X0_4v6GDFN3E85mACjhDh5okEjWSai0ag4Iq-FvjY_JhLZF7jPc5FHab9gYUihrSqoBSS6kktqaF13cFx4B-S2HtD_KGcBEtu5-w7A7P8y7X5476YE471R-XPz7P1KVq5DSWHiJuPLpBtopVEMZbO0gd0AatLZuABv1NonZcllqriawhVMKbofDGwesNYvNnFw:1wbsce:8Rz4TGx3_kNvZ5-RPvKu60kc3JtnSfITB58HtSvB5XY", "expire_date": "2026-07-07T04:20:28.760Z"}}, {"model": "sessions.session", "pk": "wjepxsqc5wuc9mspij77o1yh6vjjjbrl", "fields": {"session_data": "eyJzb2NpYWxhY2NvdW50X3N0YXRlcyI6eyJmWmtMQmthSHpTajV1OUZTIjpbeyJwcm9jZXNzIjoibG9naW4iLCJkYXRhIjpudWxsLCJwa2NlX2NvZGVfdmVyaWZpZXIiOm51bGx9LDE3ODIwMjg4MjEuMDE5NjQyOF19fQ:1wbD6L:dxsiFOcAlWgsQpcrebAR4JmWbaa1pzIDBbsi_dGcLeU", "expire_date": "2026-07-05T08:00:21.023Z"}}, {"model": "sessions.session", "pk": "wnzyq15vtu8l5k6e7qat1e1r6dj54vpr", "fields": {"session_data": ".eJxVjMsOwiAQRf-FtSFAebp07zeQAWakaiAp7cr479qkC93ec859sQjbWuM2cIlzYWcW2Ol3S5Af2HZQ7tBunefe1mVOfFf4QQe_9oLPy-H-HVQY9VtbJ720xQVDTk1TJmF9xkQ6eHBIhLnIVKT0JiiPqA0JCM6oSXuyIBR7fwDj5DfJ:1wZ6Pg:2sIug5cXRSAaLqv5p-HUKPcviYsW2NE10utvzcMY3cU", "expire_date": "2026-06-29T12:27:36.446Z"}}, {"model": "sessions.session", "pk": "wratinxpknm64yyvtae1s3r2hvg3re0b", "fields": {"session_data": ".eJxVjMsOwiAQRf-FtSFAebp07zeQAWakaiAp7cr479qkC93ec859sQjbWuM2cIlzYWcW2Ol3S5Af2HZQ7tBunefe1mVOfFf4QQe_9oLPy-H-HVQY9VtbJ720xQVDTk1TJmF9xkQ6eHBIhLnIVKT0JiiPqA0JCM6oSXuyIBR7fwDj5DfJ:1wZ52u:wyZCLSXu5yJrmkqn5qlDLvK1TdN5-hSXNy7LDVmvaXc", "expire_date": "2026-06-29T11:00:00.441Z"}}, {"model": "sessions.session", "pk": "x10g4a7yf6g8pgx0xl0s2jztni5v1q51", "fields": {"session_data": "eyJzb2NpYWxhY2NvdW50X3N0YXRlcyI6eyJEMDdaNjFYWENKaktrUmtGIjpbeyJwcm9jZXNzIjoibG9naW4iLCJkYXRhIjpudWxsLCJwa2NlX2NvZGVfdmVyaWZpZXIiOm51bGx9LDE3ODIxMjcxMjkuNDA2ODExXX19:1wbcfx:A-5Z3AQ7MDRj9YdLvD-xicY_ZjgbsotoCdIOLM8ExlQ", "expire_date": "2026-07-06T11:18:49.412Z"}}, {"model": "sessions.session", "pk": "xragdkasxpmlps8wvzejk6fbae68gyvm", "fields": {"session_data": ".eJxVjMsOwiAQRf-FtSFAebp07zeQAWakaiAp7cr479qkC93ec859sQjbWuM2cIlzYWcW2Ol3S5Af2HZQ7tBunefe1mVOfFf4QQe_9oLPy-H-HVQY9VtbJ720xQVDTk1TJmF9xkQ6eHBIhLnIVKT0JiiPqA0JCM6oSXuyIBR7fwDj5DfJ:1wZ5AZ:ywrvpoVhbHAYmlm48zcwwwHC2zo-rDASv6dV0a1k79k", "expire_date": "2026-06-29T11:07:55.332Z"}}, {"model": "sessions.session", "pk": "zcas7pyi7jic67crbbq5eiaopukmyvc1", "fields": {"session_data": ".eJylzd0KgyAYANB3-a4l1H7UXqJi7GKMCDG3JNFIXduid99gj7Drc3F2CF4ZaaVSPrk4hCijDlDv8H528nXuRjo5saQ5QX3dYVm90uHrYP3dOEAwyiihdslaBMus9KD8qIeHXs3N6PUnByKME1GKsuAZpoSUhegRbNUlbI3rWhxPMm-mfweKKas4y1iOMeX9cXwALHpJsg:1wbCo3:bTum0uVL5Q-bdOrYlbELf-TTJc_lwcpCPvOaECa8J7E", "expire_date": "2026-07-05T07:41:27.730Z"}}, {"model": "sessions.session", "pk": "zhxjxmbn83ane24kequcgmvz6a5o3eqm", "fields": {"session_data": ".eJxVjMEOgyAQRP9lz8YIiKK39kfIui6RlGIi2Ivx36uNPXicNzNvgzSTx4BE8xqzTRkzJ-i3vYA_-_DinefR8ht9gD6uIRRgcc2TXRMv1o_QgxRwgwPSi-PZYAgnLi9f-dtcdSofR-KYPWH2c3xer5tqwjQdHpJtp41WVI9aCGJFhqk1deN0hVJXznAlBTlHA6rGKNegIt2JTjZtZbiF_Qt6PlGJ:1wbac4:SB4_3LP2GIsGT6OaGTTeHuz9DEXKcis1g22l1PVBPes", "expire_date": "2026-07-06T09:06:40.499Z"}}, {"model": "sites.site", "pk": 1, "fields": {"domain": "example.com", "name": "example.com"}}, {"model": "account.emailaddress", "pk": 2, "fields": {"user": 21, "email": "22901024soham@viva-technology.org", "verified": true, "primary": true}}, {"model": "account.emailaddress", "pk": 4, "fields": {"user": 24, "email": "meenus100404@gmail.com", "verified": true, "primary": true}}, {"model": "account.emailaddress", "pk": 5, "fields": {"user": 25, "email": "harshadkolekar2004@gmail.com", "verified": true, "primary": true}}, {"model": "account.emailaddress", "pk": 6, "fields": {"user": 26, "email": "yashwade04@gmail.com", "verified": true, "primary": true}}, {"model": "account.emailaddress", "pk": 7, "fields": {"user": 27, "email": "shashi2005.rajput@gmail.com", "verified": true, "primary": true}}, {"model": "account.emailaddress", "pk": 8, "fields": {"user": 28, "email": "sandipkolekar20@gmail.com", "verified": true, "primary": true}}, {"model": "account.emailaddress", "pk": 10, "fields": {"user": 30, "email": "kolekarlatika1@gmail.com", "verified": true, "primary": true}}, {"model": "account.emailaddress", "pk": 11, "fields": {"user": 31, "email": "pravin.kolekar369@gmail.com", "verified": true, "primary": true}}, {"model": "account.emailaddress", "pk": 12, "fields": {"user": 32, "email": "samarthm770@gmail.com", "verified": true, "primary": true}}, {"model": "account.emailaddress", "pk": 14, "fields": {"user": 34, "email": "priyankakolekar807@gmail.com", "verified": true, "primary": true}}, {"model": "account.emailaddress", "pk": 15, "fields": {"user": 35, "email": "harshad.kolekar12@gmail.com", "verified": true, "primary": true}}, {"model": "socialaccount.socialaccount", "pk": 6, "fields": {"user": 21, "provider": "google", "uid": "114336927735140010239", "last_login": "2026-06-22T09:06:40.349Z", "date_joined": "2026-06-22T09:06:40.349Z", "extra_data": {"iss": "https://accounts.google.com", "azp": "611018541720-h089mtklrgaeokqp8j751q2jiah57dfl.apps.googleusercontent.com", "aud": "611018541720-h089mtklrgaeokqp8j751q2jiah57dfl.apps.googleusercontent.com", "sub": "114336927735140010239", "hd": "viva-technology.org", "email": "22901024soham@viva-technology.org", "email_verified": true, "at_hash": "ykA7EqgMBeExwFgqY0W6lw", "name": "22901024 soham", "picture": "https://lh3.googleusercontent.com/a/ACg8ocJFIcwX6hBPjHfL2TERNe_V4q8XSYabypjGRB1YOToK5XOdkg=s96-c", "given_name": "22901024", "family_name": "soham", "iat": 1782119200, "exp": 1782122800}}}, {"model": "socialaccount.socialaccount", "pk": 8, "fields": {"user": 24, "provider": "google", "uid": "103324389656386675385", "last_login": "2026-06-22T10:05:19.966Z", "date_joined": "2026-06-22T10:00:40.842Z", "extra_data": {"iss": "https://accounts.google.com", "azp": "611018541720-h089mtklrgaeokqp8j751q2jiah57dfl.apps.googleusercontent.com", "aud": "611018541720-h089mtklrgaeokqp8j751q2jiah57dfl.apps.googleusercontent.com", "sub": "103324389656386675385", "email": "meenus100404@gmail.com", "email_verified": true, "at_hash": "S4970-Ddi4rxIJvXDQMfNg", "name": "MEENAKSHI NAIR", "picture": "https://lh3.googleusercontent.com/a/ACg8ocLkyQJZydKLuJV64hfg2Cfs8UMUvcekCiGPoXnVGKLL0d97ag=s96-c", "given_name": "MEENAKSHI", "family_name": "NAIR", "iat": 1782122719, "exp": 1782126319}}}, {"model": "socialaccount.socialaccount", "pk": 9, "fields": {"user": 25, "provider": "google", "uid": "106244289269660522078", "last_login": "2026-06-23T08:15:40.016Z", "date_joined": "2026-06-22T10:48:51.458Z", "extra_data": {"iss": "https://accounts.google.com", "azp": "611018541720-h089mtklrgaeokqp8j751q2jiah57dfl.apps.googleusercontent.com", "aud": "611018541720-h089mtklrgaeokqp8j751q2jiah57dfl.apps.googleusercontent.com", "sub": "106244289269660522078", "email": "harshadkolekar2004@gmail.com", "email_verified": true, "at_hash": "v5d0wynHVH53vwk3nxDUkQ", "name": "Harshad", "picture": "https://lh3.googleusercontent.com/a/ACg8ocJme5eiVkm5nGbl0ZOIc73FmMNjyi_7EmmX0mQlrwJv4Xec0A=s96-c", "given_name": "Harshad", "iat": 1782202539, "exp": 1782206139}}}, {"model": "socialaccount.socialaccount", "pk": 10, "fields": {"user": 26, "provider": "google", "uid": "104037651004354860821", "last_login": "2026-06-22T10:50:00.825Z", "date_joined": "2026-06-22T10:50:00.825Z", "extra_data": {"iss": "https://accounts.google.com", "azp": "611018541720-h089mtklrgaeokqp8j751q2jiah57dfl.apps.googleusercontent.com", "aud": "611018541720-h089mtklrgaeokqp8j751q2jiah57dfl.apps.googleusercontent.com", "sub": "104037651004354860821", "email": "yashwade04@gmail.com", "email_verified": true, "at_hash": "Eq6iWvA_kKE7s8PdXHdEMg", "name": "Yash Wade", "picture": "https://lh3.googleusercontent.com/a/ACg8ocIPmLXtxcuj9L_5f2NxcwlLIeEX0qTVMu-_N34r2ZzMuPNUwq_0=s96-c", "given_name": "Yash", "family_name": "Wade", "iat": 1782125400, "exp": 1782129000}}}, {"model": "socialaccount.socialaccount", "pk": 11, "fields": {"user": 27, "provider": "google", "uid": "103403421117736672806", "last_login": "2026-06-22T11:18:51.193Z", "date_joined": "2026-06-22T11:18:51.193Z", "extra_data": {"iss": "https://accounts.google.com", "azp": "611018541720-h089mtklrgaeokqp8j751q2jiah57dfl.apps.googleusercontent.com", "aud": "611018541720-h089mtklrgaeokqp8j751q2jiah57dfl.apps.googleusercontent.com", "sub": "103403421117736672806", "email": "shashi2005.rajput@gmail.com", "email_verified": true, "at_hash": "yHSSLcs4RaVrycTF0MJg5w", "name": "SHASHIKANT RAJPUT", "picture": "https://lh3.googleusercontent.com/a/ACg8ocLWCgEWSPrLaiK2zz2rD5toeDPDfIvrC_-4O2Ir04EnnnrTXb-c=s96-c", "given_name": "SHASHIKANT", "family_name": "RAJPUT", "iat": 1782127131, "exp": 1782130731}}}, {"model": "socialaccount.socialaccount", "pk": 12, "fields": {"user": 28, "provider": "google", "uid": "107030313477978570963", "last_login": "2026-06-22T11:20:45.442Z", "date_joined": "2026-06-22T11:20:45.442Z", "extra_data": {"iss": "https://accounts.google.com", "azp": "611018541720-h089mtklrgaeokqp8j751q2jiah57dfl.apps.googleusercontent.com", "aud": "611018541720-h089mtklrgaeokqp8j751q2jiah57dfl.apps.googleusercontent.com", "sub": "107030313477978570963", "email": "sandipkolekar20@gmail.com", "email_verified": true, "at_hash": "TwassSqMm09FGz51xcrlQA", "name": "Sandip Kolekar", "picture": "https://lh3.googleusercontent.com/a/ACg8ocKhvLA9kWITl8iniERR_yn3RuTZ6qVAdIATZyzh7ERGIG6TGiBr=s96-c", "given_name": "Sandip", "family_name": "Kolekar", "iat": 1782127245, "exp": 1782130845}}}, {"model": "socialaccount.socialaccount", "pk": 14, "fields": {"user": 30, "provider": "google", "uid": "116841445409567836093", "last_login": "2026-06-22T12:33:03.807Z", "date_joined": "2026-06-22T12:33:03.807Z", "extra_data": {"iss": "https://accounts.google.com", "azp": "611018541720-h089mtklrgaeokqp8j751q2jiah57dfl.apps.googleusercontent.com", "aud": "611018541720-h089mtklrgaeokqp8j751q2jiah57dfl.apps.googleusercontent.com", "sub": "116841445409567836093", "email": "kolekarlatika1@gmail.com", "email_verified": true, "at_hash": "axhcI-EryUGx26nUz3RZmg", "name": "Latika Kolekar", "picture": "https://lh3.googleusercontent.com/a/ACg8ocLur0YiJjJT-Mw2HdElREZbUP3M8ZmZzZhpEbRG9KX4Nd_oMw=s96-c", "given_name": "Latika", "family_name": "Kolekar", "iat": 1782131583, "exp": 1782135183}}}, {"model": "socialaccount.socialaccount", "pk": 15, "fields": {"user": 31, "provider": "google", "uid": "105848754912722521696", "last_login": "2026-06-23T04:20:28.648Z", "date_joined": "2026-06-22T14:02:50.669Z", "extra_data": {"iss": "https://accounts.google.com", "azp": "611018541720-h089mtklrgaeokqp8j751q2jiah57dfl.apps.googleusercontent.com", "aud": "611018541720-h089mtklrgaeokqp8j751q2jiah57dfl.apps.googleusercontent.com", "sub": "105848754912722521696", "email": "pravin.kolekar369@gmail.com", "email_verified": true, "at_hash": "BcJgpkCf_DDBSrHvvvyO5w", "name": "Pravin Kolekar", "picture": "https://lh3.googleusercontent.com/a/ACg8ocJDfuXsAF7NN8HwuuYvv1Yq0c00-_3YqmWZpBimo0evXT4wnWkDlg=s96-c", "given_name": "Pravin", "family_name": "Kolekar", "iat": 1782188428, "exp": 1782192028}}}, {"model": "socialaccount.socialaccount", "pk": 16, "fields": {"user": 32, "provider": "google", "uid": "102499063349866666372", "last_login": "2026-06-22T16:10:09.730Z", "date_joined": "2026-06-22T16:10:09.730Z", "extra_data": {"iss": "https://accounts.google.com", "azp": "611018541720-h089mtklrgaeokqp8j751q2jiah57dfl.apps.googleusercontent.com", "aud": "611018541720-h089mtklrgaeokqp8j751q2jiah57dfl.apps.googleusercontent.com", "sub": "102499063349866666372", "email": "samarthm770@gmail.com", "email_verified": true, "at_hash": "XVOyNq-zcqOv3ekNAuxFBw", "name": "Samarth More", "picture": "https://lh3.googleusercontent.com/a/ACg8ocJYgFk0E4bZ-1rebgMgAhrY3V2qpAnGrbV852NnorZpfxe40Vc7=s96-c", "given_name": "Samarth", "family_name": "More", "iat": 1782144609, "exp": 1782148209}}}, {"model": "socialaccount.socialaccount", "pk": 18, "fields": {"user": 34, "provider": "google", "uid": "110768504296082696489", "last_login": "2026-06-23T08:48:20.375Z", "date_joined": "2026-06-23T08:48:20.375Z", "extra_data": {"iss": "https://accounts.google.com", "azp": "611018541720-h089mtklrgaeokqp8j751q2jiah57dfl.apps.googleusercontent.com", "aud": "611018541720-h089mtklrgaeokqp8j751q2jiah57dfl.apps.googleusercontent.com", "sub": "110768504296082696489", "email": "priyankakolekar807@gmail.com", "email_verified": true, "at_hash": "iNNIFknPXBEHmVmBvgVHHg", "name": "Kolekar Priyanka", "picture": "https://lh3.googleusercontent.com/a/ACg8ocLNmHDEBFEDkhDACZn0hh2DkZT4xZZvfAGG8_EifEzPYvEIcg=s96-c", "given_name": "Kolekar", "family_name": "Priyanka", "iat": 1782204500, "exp": 1782208100}}}, {"model": "socialaccount.socialaccount", "pk": 19, "fields": {"user": 35, "provider": "google", "uid": "113737885844801321159", "last_login": "2026-06-23T09:28:13.561Z", "date_joined": "2026-06-23T09:17:41.181Z", "extra_data": {"iss": "https://accounts.google.com", "azp": "611018541720-h089mtklrgaeokqp8j751q2jiah57dfl.apps.googleusercontent.com", "aud": "611018541720-h089mtklrgaeokqp8j751q2jiah57dfl.apps.googleusercontent.com", "sub": "113737885844801321159", "email": "harshad.kolekar12@gmail.com", "email_verified": true, "at_hash": "npWPrg3ekBVbvxXdOi3CoQ", "name": "harshad kolekar", "picture": "https://lh3.googleusercontent.com/a/ACg8ocIQnB3ai948BZZNoDq_d6aY6L7ChDe7jIK05VUBkvx9sv1tbA=s96-c", "given_name": "harshad", "family_name": "kolekar", "iat": 1782206891, "exp": 1782210491}}}]